,count
万用表与电压电流测量,23
万用表与钳形表测量,29
万用表与钳表应用,17
万用表使用与测量,16
万用表操作与应用,10
万用表操作与特性,19
万用表测量功能,4
万用表量程与精度,7
三极管电路分析,2
三相交流电路,5
三相电路系统与电压,7
三相电路系统与连接,14
不对称负载功率测量与计算,2
二极管工作原理,1
二极管特性,3
二极管特性与测量,3
二阶电路暂态响应,5
互感线圈同名端识别,1
交流电路与频率响应特性,14
交流电路特性与计算,3
仪器操作界面与调试,10
仪器输入阻抗及其意义,3
仪器通用操作与显示,13
低内阻测量方法,1
供电系统与电气连接,9
供电过程与电压稳定性,3
信号与波形基础,4
信号参数与特性,9
信号发生器使用,9
信号波形与参数设置,4
信号波形参数测量,23
信号源与信号参数,9
信号源操作与设置,7
元件基本属性与应用,3
元件检测与仪器故障排除,5
元件电压相位差,2
元器件温度特性,1
元器件识别与结构,6
元器件额定参数,1
其他专业技术,1
典型电路波形分析,5
内阻与阻抗,7
函数信号发生器操作与设置,4
刷新率,1
功率表使用与接线,2
半导体器件特性与测试,9
变压器原理与特性,3
变压器空载特性,1
国际单位制,4
基本电参数测量,3
基本电路分析方法,9
基础电学与物理概念,6
实时测量输入电压,2
实验安全与故障处理,5
实验室安全与应急处置,8
实验室电源与电路搭建,10
实验技能与操作实践,6
实验接线与布线规范,5
实验操作与规范,3
实验操作与调试流程,4
实验操作规范与故障排除,22
实验电源与信号发生器,10
实验调试与故障排查,4
实验辅助工具与目的,4
常用测量仪器与测试技术,62
常用电子元器件,28
常用电子元器件与特性,29
常用电子元器件特性与识别,43
振荡器原理与波形,2
接线与配电规范,7
插入铁芯,1
放大器电路分析与调试,20
放大电路与失真分析,21
放大电路分析与调试,11
放大电路原理与应用,4
放大电路特性与分析,11
放大电路理论与应用,4
放大电路设计与特性,11
故障诊断与排查,8
故障诊断与维修,8
数字万用表二极管测量,3
数学与物理符号,1
数据处理与基本概念,4
无源电子元件与识别,15
时域分析概念,2
模式切换操作,1
正弦波信号的特性与输入,8
测量仪器与操作,38
测量仪器内阻,4
测量仪器精度与量程,5
测量仪器选择,6
测量仪器通用操作与参数,12
测量仪表使用与功能,43
测量数据显示与判读,1
测量方法与数据处理,30
测量方法与误差分析,30
测量误差与不确定度,1
测量误差与准确性,9
测量误差与物理量表示,22
测量误差与精度,14
滤波器与时间常数,5
滤波器原理与应用,4
滤波器电路与频率特性,5
焊接与拆焊技术,2
焊接与装配技术,4
焊接工艺与质量评估,6
焊接技术,12
焊接技术与操作,13
焊接技术与质量,4
焊接操作安全,1
焊接操作技巧与质量,5
特定仪器功能介绍,1
特定电路实验,3
特定电路实验与特性,8
特定电路应用与实验,11
特定设备功能或显示,2
电位与电压测量,2
电信号基础,1
电压与电流测量技术,21
电压等级,1
电子元件特性与识别,19
电子元件通用概念与处理,10
电子元器件分类与识别,5
电子元器件测量仪器,2
电子元器件特性与测量,20
电子制造与辅助技术,3
电子焊接技术,12
电学基本物理量与测量,6
电学测量方法与仪表,24
电容器型号与标识,4
电容器故障诊断,3
电容器特性与应用,6
电容器知识与应用,8
电容容量识别与计算,9
电容测量与参数,5
电容测量与检测,2
电容特性与识别,9
电容电压,3
电容类型与特性,9
电工实验台使用,1
电工测量方法与误差,13
电工电子基本概念与物理量,13
电感器与镇流器,14
电感器知识与参数,8
电感测量,1
电感特性与识别,8
电气安全与保护,13
电气安全与实验规范,14
电气安全与布线规范,20
电气安全与应急处理,10
电气安全与急救,11
电气安全与接地,14
电气安全与接线规范,26
电气安全与故障处理,9
电气安全与火灾防护,9
电气安全与防护,29
电气安全操作与规范,12
电气接线规范与接口,5
电流测量与应用,7
电流源电路及其应用,5
电流电压测量技术,17
电源与供电系统,5
电源与信号连接规范,16
电源与激励信号,5
电源与电压特性,25
电源参数与类型,4
电源设备与供电,7
电源设备与供电特性,16
电能管理与衡量,1
电路元件特性与参数,29
电路分析与计算,34
电路原理与分析,6
电路参数与负载特性,5
电路参数计算与误差分析,10
电路响应与特性分析,18
电路基本元件与功能,6
电路基本概念,6
电路基本概念与定律,38
电路基础理论与元器件,66
电路基础理论与分析,36
电路搭建与调试,8
电路故障诊断与分析,7
电路故障诊断与排除,1
电路故障诊断与短路现象,19
电路特性与分析,10
电路理论与分析方法,36
电路理论与故障分析,37
电路等效与简化,6
电路连接与布局规范,14
电路连接与布线,8
电路连接与拓扑,5
电路连接与接地规范,11
电路连接与接线规范,4
电路连通性测试,1
电阻串并联,4
电阻器基础与参数,5
电阻器特性与识别,6
电阻器知识与应用,14
电阻色环识别,12
电阻色环识别与阻值计算,3
电阻识别与编码,32
电阻颜色编码与标识,3
直流电源使用与特性,11
直流电源操作与功能,6
直流稳压电源使用与连接,19
直流稳压电源操作,9
示波器使用与故障排除,11
示波器使用与波形分析,13
示波器信号测量,2
示波器基本操作与设置,13
示波器探头使用,1
示波器接地与抗干扰,5
示波器操作与波形分析,43
示波器操作与波形显示,25
示波器操作与测量,50
示波器操作与设置,14
示波器类型,3
系统操作模式,1
耦合电容,1
触电事故与急救,9
设备显示故障,3
谐振电路分析,3
谐振电路特性与实验,5
谐振电路特性与应用,3
谐振电路特性与测量,10
负载特性与连接,3
运算放大器基础知识,6
运算放大器电路,15
通用仪器操作与信号连接,34
通用仪器操作与反馈,3
通用实验操作与概念,12
通用实验概念与术语,2
通用技术与性能参数,2
通用测量工具与标识,5
通用测量方法,17
通用电子仪器,13
通用设备与概念,6
钳形电流表原理与应用,3
集成电路引脚定义,3
集成运放引脚,3
面包板使用,7
验电笔使用与原理,1
